name,fuente,lat,lon
Cengicaña,ICC,14.329931,-91.05425
Trinidad Magdalena,ICC,13.93205,-90.258211
Insivumeh Zona 13,Davis,14.58719,-90.5327
San Juan Sacatepequez,Davis,14.71846,-90.64259
Palencia,Davis,14.66655,-90.364
Antigua Guatemala,Davis,14.55746,-90.73339
Guatemala Z01,Davis,14.6372,-90.51267
Ciudad Vieja,Davis,14.52476,-90.76152
San Miguel Dueñas,Davis,14.52389,-90.79734
Santiago Sacatepéquez,Davis,14.63335,-90.67849
Sumpango,Davis,14.64664,-90.7372
Guatemala Z03,Davis,14.62407,-90.53315
Chimaltenango,Davis,14.66094,-90.8187
El Tejar,Davis,14.64611,-90.79177
Patzún,Davis,14.68302,-91.0144
San José Poaquil,Davis,14.81686,-90.9127
Zaragoza,Davis,14.65003,-90.89151
San Andrés Itzapa,Davis,14.62164,-90.8441
El Quetzal,Davis,14.76761,-91.81792
La Reforma,Davis,14.80044,-91.82056
Pajapita,Davis,14.72261,-92.03498
Coatepeque,Davis,14.70361,-91.86152
San Martín Zapotitlán,Davis,14.60844,-91.60728
Chahal,Davis,15.78841,-89.60211
San Juan Chamelco,Davis,15.42774,-90.33189
Panzós,Davis,15.39856,-89.64152
Rabinal,Davis,15.08594,-90.4918
San Miguel Chicaj,Davis,15.09448,-90.39565
Salamá,Davis,15.10187,-90.31893
Guatemala Z18,Davis,14.65249,-90.47592
Senahú,Davis,15.41612,-89.82196
San Felipe,Davis,14.62441,-91.59708
Catarina,Davis,14.85634,-92.07664
San Antonio Sacatepéquez,Davis,14.96073,-91.7324
San Cristóbal Cucho,Davis,14.90574,-91.7807
San José Ojetenam,Davis,15.23433,-91.97357
San Lorenzo Sm,Davis,15.03186,-91.73592
San Miguel Ixtahuacán,Davis,15.27148,-91.74855
Tejutla,Davis,15.12242,-91.80511
Agua Blanca,Davis,14.49735,-89.6479
San Pedro Sacatepéquez Gua,Davis,14.68644,-90.64233
Sibinal,Davis,15.14926,-92.04883
Tajumulco,Davis,15.08366,-91.9232
Xoluta,ICC,14.477133,-91.863067
Melchor De Mencos,Davis,17.06407,-89.1531
Poptún,Davis,16.33134,-89.42323
Stg5,Davis,14.67244,-91.58074
San Benito,Davis,16.92074,-89.90635
San Francisco,Davis,16.80079,-89.93436
Insivumeh Petén,Davis,16.91936,-89.88395
San Antonio Palopó,Davis,14.69126,-91.1167
Tecpán,Davis,14.75958,-90.99543
Teculután,Davis,14.99154,-89.71883
"Flores, Petén",Davis,16.91856,-89.89811
Colotenango,Davis,15.40521,-91.71445
Jacaltenango,Davis,15.66714,-91.7152
La Libertad Huehuetenango,Davis,15.51353,-91.86953
Nentón,Davis,15.80168,-91.75387
San Antonio Huista,Davis,15.65329,-91.7717
Santa Catarina Palopó,Davis,14.72334,-91.13536
Cuilco,Davis,15.40751,-91.9471
Concepción Chiquirichapa,Davis,14.8543,-91.62383
San Martín Sacatepéquez,Davis,14.82436,-91.64223
Colomba,Davis,14.70695,-91.73219
San Marcos La Laguna,Davis,14.72479,-91.25702
Totonicapán,Davis,14.9121,-91.36054
San Francisco El Alto,Davis,14.94536,-91.44273
San Sebastian,Davis,14.56119,-91.64902
Cabrican,Davis,15.07479,-91.64886
Santa Lucía La Reforma,Davis,15.12894,-91.2363
San Rafael Petzal,Davis,15.40439,-91.66483
Unión Cantinil,Davis,15.60546,-91.71767
Todos Santos Cuchumatán,Davis,15.50955,-91.60455
Concepción Huista,Davis,15.62638,-91.66503
San Cristóbal Totonicapan,Davis,14.91991,-91.44339
Palestina De Los Altos,Davis,14.93311,-91.69417
San Juan Ostuncalco,Davis,14.86894,-91.6223
La Esperanza,Davis,14.87394,-91.56183
Joyabaj,Davis,14.99419,-90.80717
Puerto Barrios,Davis,15.73394,-88.59586
Canilla,Davis,15.16563,-90.84964
San Antonio Ilotenango,Davis,15.05416,-91.23027
Patzité,Davis,14.96359,-91.20861
Concepción,Davis,14.78444,-91.14692
San Miguel Acatan,Davis,15.70449,-91.59795
San Rafael La Independecia,Davis,15.70181,-91.53627
Nueva Santa Rosa  1,Davis,14.38074,-90.28577
Santa Eulalia,Davis,15.73269,-91.4579
San Andres Semetabaj,Davis,14.74671,-91.1343
Santa María Visitación,Davis,14.71709,-91.30877
San Pablo,Davis,14.93199,-92.00477
San Pablo Jocopilas,Davis,14.59936,-91.4381
San Bernardino,Davis,14.537,-91.46853
San Francisco Zapotitlán,Davis,14.58943,-91.52158
Las Cruces 2 (Peten),Davis,16.65839,-90.2873
Almolonga,Davis,14.81502,-91.49502
Rio Blanco,Davis,15.03867,-91.68389
Ayutla,Davis,14.70421,-92.13691
Ocós,Davis,14.50801,-92.19402
La Blanca,Davis,14.57418,-92.14279
Zunilito,Davis,14.61192,-91.51109
Patulul,Davis,14.42341,-91.15575
Chicacao,Davis,14.54226,-91.32586
Quetzaltenango 2.0,Davis,14.83411,-91.51747
Zacualpa,Davis,15.0273,-90.87852
Retalhuleu,Davis,14.53376,-91.68577
Los Altos Quetzaltenango,Davis,14.85998,-91.50795
Cajolá 2,Davis,14.92281,-91.61438
Lanquín,Davis,15.57496,-89.98114
San Lucas Toliman,Davis,14.63351,-91.14271
Santa Lucia Utatlan,Davis,14.76918,-91.26533
Aeropuerto Huehuetenango,Davis,15.3171,-91.50334
Santa Apolonia,Davis,14.78858,-90.97369
San Francisco La Unión,Davis,14.92328,-91.54255
Petén Oficina,ICC,14.258658,-91.412297
Guatemala Z19 02,Davis,14.65567,-90.57628
Moyuta,Davis,14.038116,-90.08205
Pueblo Nuevo Suchitepéquez,Davis,14.64645,-91.53921
Santo Tomás La Unión,Davis,14.63226,-91.41139
San Gabriel,Davis,14.50988,-91.50751
Santa Bárbara Suchi,Davis,14.4371,-91.2267
Nahuala 02,Davis,14.84266,-91.31852
Chichicastenango,Davis,14.93087,-91.10943
San Andres 2,Davis,16.97019,-89.9117
Lorena,ICC,14.520292,-91.418736
Stg6,Davis,14.6881,-91.60659
Stg9,Davis,14.706005,-91.55925
Huehuetenango - Maga,Davis,15.340257,-91.45014
San José Chacayá,Davis,14.77183,-91.21515
Naranjales,ICC,14.3650083,-91.477519
Fg16,Davis,14.455,-90.85081
Stg12,Davis,14.7272,-91.59996
Fg8,Davis,14.43238,-90.93586
El Bálsamo,ICC,14.280378,-91.0031
Vision De Aguila 2,Davis,15.59652,-90.39293
Las Nubes,Davis,14.55201,-90.31602
Raaxhá - Insivumeh,Davis,15.93269,-90.54966
Oxec Ii - Insivumeh,Davis,15.58968,-89.72963
Stpj,Davis,14.68873,-91.61865
Hidroeléctrica Las Pacayas - Insivumeh,Davis,15.41111,-90.51215
San Rafael,ICC,14.02443611,-90.63366111
Saob,Davis,14.51777,-90.72948
Amazonas,ICC,14.066847,-90.774593
Santa Cruz La Lagunaa,Davis,14.74352,-91.20721
San Miguel Petapa,Davis,14.50136,-90.56102
Santa Ana 2,Davis,16.80904,-89.82333
Chisec 3,Davis,15.81325,-90.29221
Sayaxché 2,Davis,16.53081,-90.18933
Costa Brava,ICC,14.243342,-90.923006
Guatemala Z16 Shaddai,Davis,14.6024,-90.47276
Guatemala Z14 Shaddai,Davis,14.58233,-90.50065
Fg 12 Insivumeh,Davis,14.43329,-90.81924
Rio Bravo 2.0,Davis,14.39927,-91.31922
Mazatenango 2,Davis,14.53408,-91.50341
Sibilia 2,Davis,14.99499,-91.62398
Cantel 2,Davis,14.81106,-91.4559
San Rafael Pie De La Cuesta 2,Davis,14.93234,-91.91313
"El Llano, San Luis Jilotepeque",Davis,14.64325,-89.73975
"Cerro Arluta, Jalapa",Davis,14.62454,-89.98244
"San Manuel Chaparrón, Jalapa",Davis,14.52791,-89.77339
"Granja Lara, Guazacapán",Davis,14.064407,-90.44491
"Usac-Cunsaro, Chiquimulilla",Davis,14.076643,-90.3788
Soloma 3,Davis,15.65634,-91.4335
San Mateo Ixtatán 2,Davis,15.829762,-91.47675
Cunsaro Cuilapa,Davis,14.26565,-90.28662
"Finca Las Brisas, Agua Blanca",Davis,14.399402,-90.36509
"Acequia, El Progreso",Davis,14.327167,-89.859
"Finca Neblinas, Acatempa",Davis,14.225104,-90.09332
Fg17 Insivumeh Finca Asuncion,Davis,14.4439,-90.91575
"La Soledad Grande, Mataquescuintla",Davis,14.535753,-90.13308
"Finca La Colina, Mataquescuintla",Davis,14.54267,-90.19894
Yaxhá - Insivumeh Peten,Davis,17.05783,-89.38513
Irlanda,ICC,14.145975,-91.426786
Tululá,ICC,14.508158,-91.586808
La Giralda,ICC,13.980289,-90.930753
La Candelaria,ICC,13.912322,-90.559381
Chiquirines,ICC,14.5594444,-92.0422222
Providencia,ICC,14.365786,-91.845667
El Platanar,ICC,14.559675,-90.937931
Alamo,ICC,14.6281861,-92.1377472
Cocales,ICC,14.382847,-91.196198
La Maquina,ICC,13.8986833,-90.331502777778
Santa Teresa,ICC,14.449537,-90.531051
Yepocapa (Fca-Catie),ICC,14.483053,-90.961541
Bonanza,ICC,14.078331,-91.187261
Bouganvilia,ICC,14.11999444,-90.9414
Pueblo Real (Acax-Tnc),ICC,14.736308,-90.965263
Monte Alegre,ICC,14.085198,-91.023032
Sotz'Il - Waqxaqi' B'Alam,ICC,14.674384,-90.812536
La Joya,ICC,13.931036,-91.19881
San Antonio Ev,ICC,13.995419,-91.200217
San Nicolás,ICC,14.184561,-91.603569
San Rafael - Patzún,ICC,14.636033,-90.961793
Suiza Contenta (Ar),Sutron,14.61825,-90.658167
Alameda Icta (Ar),Sutron,14.637936,-90.803967
San Martín Jilotepeque (Ar),Sutron,14.77744,-90.792558
Chiyax (Ar),Sutron,14.900657,-91.3515
Labor Ovalle Icta (Ar),Sutron,14.871339,-91.514438
Pachuté (Ar),Sutron,14.98341,-91.57365
La Nueva Concepción (Ar),Sutron,14.867508,-91.682996
Cantel Ii (Ar),Sutron,14.829461,-91.460283
Efa San Marcos (Ar),Sutron,14.96715,-91.82333
Ixchiguán (Ar),Sutron,15.16483,-91.9395
San Pedro Nécta (Ar),Sutron,15.49459,-91.76244
Puyumate,ICC,14.261556,-91.260733
Concepción,ICC,14.337389,-90.787125
Santa Cruz Balanyá (Ar),Sutron,14.689689,-90.917177
Los Altos (Ar),Sutron,14.859902,-91.508073
Pacajá Alto (Ar),Sutron,14.822773,-91.550662
Huehuetenango (Ar),Sutron,15.31828,-91.502403
Santa Cruz Del Quiché (Ar),Sutron,15.05016,-91.15395
Chinique (Ar),Sutron,15.046853,-91.019634
